STRUCTURE,STRUCTURE_ID,STRUCTURE_NAME,ACTION,FREQ,Frequency of observation,REF_AREA,Reference area,SECTOR,Institutional sector,COUNTERPART_SECTOR,Counterpart institutional sector,TRANSACTION,Transaction,INSTR_ASSET,Financial instruments and non-financial assets,ACTIVITY,Economic activity,EXPENDITURE,Expenditure,UNIT_MEASURE,Unit of measure,PRICE_BASE,Price base,TRANSFORMATION,Transformation,TABLE_IDENTIFIER,Table identifier,TIME_PERIOD,Time period,OBS_VALUE,Observation value,REF_YEAR_PRICE,Price reference year,CONF_STATUS,Confidentiality status,DECIMALS,Decimals,OBS_STATUS,Observation status,UNIT_MULT,Unit multiplier,CURRENCY,Currency
DATAFLOW,OECD.SDD.NAD:DSD_NAMAIN10@DF_TABLE1_INCOME(2.0),Annual GDP and components - income approach,I,A,Annual,DEU,Germany,S1,Total economy,S1,Total economy,B1GQ,Gross domestic product,_Z,Not applicable,_Z,Not applicable,_Z,Not applicable,USD_EXC,"US dollars, exchange rate converted",V,Current prices,N,Non transformed data,T0103,Table 0103 - GDP identity from the income side,2000,,1966980.701,,,,F,Free (free for publication),1,One,A,Normal value,6,Millions,_Z,Not applicable
DATAFLOW,OECD.SDD.NAD:DSD_NAMAIN10@DF_TABLE1_INCOME(2.0),Annual GDP and components - income approach,I,A,Annual,JPN,Japan,S1,Total economy,S1,Total economy,B1GQ,Gross domestic product,_Z,Not applicable,_Z,Not applicable,_Z,Not applicable,USD_EXC,"US dollars, exchange rate converted",V,Current prices,N,Non transformed data,T0103,Table 0103 - GDP identity from the income side,2000,,4968359.153,,,,F,Free (free for publication),1,One,A,Normal value,6,Millions,_Z,Not applicable
DATAFLOW,OECD.SDD.NAD:DSD_NAMAIN10@DF_TABLE1_INCOME(2.0),Annual GDP and components - income approach,I,A,Annual,CHE,Switzerland,S1,Total economy,S1,Total economy,B1GQ,Gross domestic product,_Z,Not applicable,_Z,Not applicable,_Z,Not applicable,USD_EXC,"US dollars, exchange rate converted",V,Current prices,N,Non transformed data,T0103,Table 0103 - GDP identity from the income side,2000,,279209.008,,,,F,Free (free for publication),1,One,A,Normal value,6,Millions,_Z,Not applicable
DATAFLOW,OECD.SDD.NAD:DSD_NAMAIN10@DF_TABLE1_INCOME(2.0),Annual GDP and components - income approach,I,A,Annual,BRA,Brazil,S1,Total economy,S1,Total economy,B1GQ,Gross domestic product,_Z,Not applicable,_Z,Not applicable,_Z,Not applicable,USD_EXC,"US dollars, exchange rate converted",V,Current prices,N,Non transformed data,T0103,Table 0103 - GDP identity from the income side,2000,,655448.188,,,,F,Free (free for publication),1,One,A,Normal value,6,Millions,_Z,Not applicable
DATAFLOW,OECD.SDD.NAD:DSD_NAMAIN10@DF_TABLE1_INCOME(2.0),Annual GDP and components - income approach,I,A,Annual,DEU,Germany,S1,Total economy,S1,Total economy,B1GQ,Gross domestic product,_Z,Not applicable,_Z,Not applicable,_Z,Not applicable,USD_EXC,"US dollars, exchange rate converted",V,Current prices,N,Non transformed data,T0103,Table 0103 - GDP identity from the income side,2001,,1966381.497,,,,F,Free (free for publication),1,One,A,Normal value,6,Millions,_Z,Not applicable
DATAFLOW,OECD.SDD.NAD:DSD_NAMAIN10@DF_TABLE1_INCOME(2.0),Annual GDP and components - income approach,I,A,Annual,JPN,Japan,S1,Total economy,S1,Total economy,B1GQ,Gross domestic product,_Z,Not applicable,_Z,Not applicable,_Z,Not applicable,USD_EXC,"US dollars, exchange rate converted",V,Current prices,N,Non transformed data,T0103,Table 0103 - GDP identity from the income side,2001,,4374709.984,,,,F,Free (free for publication),1,One,A,Normal value,6,Millions,_Z,Not applicable
DATAFLOW,OECD.SDD.NAD:DSD_NAMAIN10@DF_TABLE1_INCOME(2.0),Annual GDP and components - income approach,I,A,Annual,CHE,Switzerland,S1,Total economy,S1,Total economy,B1GQ,Gross domestic product,_Z,Not applicable,_Z,Not applicable,_Z,Not applicable,USD_EXC,"US dollars, exchange rate converted",V,Current prices,N,Non transformed data,T0103,Table 0103 - GDP identity from the income side,2001,,286580.125,,,,F,Free (free for publication),1,One,A,Normal value,6,Millions,_Z,Not applicable
DATAFLOW,OECD.SDD.NAD:DSD_NAMAIN10@DF_TABLE1_INCOME(2.0),Annual GDP and components - income approach,I,A,Annual,BRA,Brazil,S1,Total economy,S1,Total economy,B1GQ,Gross domestic product,_Z,Not applicable,_Z,Not applicable,_Z,Not applicable,USD_EXC,"US dollars, exchange rate converted",V,Current prices,N,Non transformed data,T0103,Table 0103 - GDP identity from the income side,2001,,559983.704,,,,F,Free (free for publication),1,One,A,Normal value,6,Millions,_Z,Not applicable
DATAFLOW,OECD.SDD.NAD:DSD_NAMAIN10@DF_TABLE1_INCOME(2.0),Annual GDP and components - income approach,I,A,Annual,DEU,Germany,S1,Total economy,S1,Total economy,B1GQ,Gross domestic product,_Z,Not applicable,_Z,Not applicable,_Z,Not applicable,USD_EXC,"US dollars, exchange rate converted",V,Current prices,N,Non transformed data,T0103,Table 0103 - GDP identity from the income side,2002,,2102350.798,,,,F,Free (free for publication),1,One,A,Normal value,6,Millions,_Z,Not applicable
DATAFLOW,OECD.SDD.NAD:DSD_NAMAIN10@DF_TABLE1_INCOME(2.0),Annual GDP and components - income approach,I,A,Annual,JPN,Japan,S1,Total economy,S1,Total economy,B1GQ,Gross domestic product,_Z,Not applicable,_Z,Not applicable,_Z,Not applicable,USD_EXC,"US dollars, exchange rate converted",V,Current prices,N,Non transformed data,T0103,Table 0103 - GDP identity from the income side,2002,,4182845.406,,,,F,Free (free for publication),1,One,A,Normal value,6,Millions,_Z,Not applicable
DATAFLOW,OECD.SDD.NAD:DSD_NAMAIN10@DF_TABLE1_INCOME(2.0),Annual GDP and components - income approach,I,A,Annual,CHE,Switzerland,S1,Total economy,S1,Total economy,B1GQ,Gross domestic product,_Z,Not applicable,_Z,Not applicable,_Z,Not applicable,USD_EXC,"US dollars, exchange rate converted",V,Current prices,N,Non transformed data,T0103,Table 0103 - GDP identity from the income side,2002,,309299.934,,,,F,Free (free for publication),1,One,A,Normal value,6,Millions,_Z,Not applicable
DATAFLOW,OECD.SDD.NAD:DSD_NAMAIN10@DF_TABLE1_INCOME(2.0),Annual GDP and components - income approach,I,A,Annual,BRA,Brazil,S1,Total economy,S1,Total economy,B1GQ,Gross domestic product,_Z,Not applicable,_Z,Not applicable,_Z,Not applicable,USD_EXC,"US dollars, exchange rate converted",V,Current prices,N,Non transformed data,T0103,Table 0103 - GDP identity from the income side,2002,,509795.271,,,,F,Free (free for publication),1,One,A,Normal value,6,Millions,_Z,Not applicable
DATAFLOW,OECD.SDD.NAD:DSD_NAMAIN10@DF_TABLE1_INCOME(2.0),Annual GDP and components - income approach,I,A,Annual,DEU,Germany,S1,Total economy,S1,Total economy,B1GQ,Gross domestic product,_Z,Not applicable,_Z,Not applicable,_Z,Not applicable,USD_EXC,"US dollars, exchange rate converted",V,Current prices,N,Non transformed data,T0103,Table 0103 - GDP identity from the income side,2003,,2534715.518,,,,F,Free (free for publication),1,One,A,Normal value,6,Millions,_Z,Not applicable
DATAFLOW,OECD.SDD.NAD:DSD_NAMAIN10@DF_TABLE1_INCOME(2.0),Annual GDP and components - income approach,I,A,Annual,JPN,Japan,S1,Total economy,S1,Total economy,B1GQ,Gross domestic product,_Z,Not applicable,_Z,Not applicable,_Z,Not applicable,USD_EXC,"US dollars, exchange rate converted",V,Current prices,N,Non transformed data,T0103,Table 0103 - GDP identity from the income side,2003,,4519563.042,,,,F,Free (free for publication),1,One,A,Normal value,6,Millions,_Z,Not applicable
DATAFLOW,OECD.SDD.NAD:DSD_NAMAIN10@DF_TABLE1_INCOME(2.0),Annual GDP and components - income approach,I,A,Annual,CHE,Switzerland,S1,Total economy,S1,Total economy,B1GQ,Gross domestic product,_Z,Not applicable,_Z,Not applicable,_Z,Not applicable,USD_EXC,"US dollars, exchange rate converted",V,Current prices,N,Non transformed data,T0103,Table 0103 - GDP identity from the income side,2003,,362088.306,,,,F,Free (free for publication),1,One,A,Normal value,6,Millions,_Z,Not applicable
DATAFLOW,OECD.SDD.NAD:DSD_NAMAIN10@DF_TABLE1_INCOME(2.0),Annual GDP and components - income approach,I,A,Annual,BRA,Brazil,S1,Total economy,S1,Total economy,B1GQ,Gross domestic product,_Z,Not applicable,_Z,Not applicable,_Z,Not applicable,USD_EXC,"US dollars, exchange rate converted",V,Current prices,N,Non transformed data,T0103,Table 0103 - GDP identity from the income side,2003,,558233.724,,,,F,Free (free for publication),1,One,A,Normal value,6,Millions,_Z,Not applicable
DATAFLOW,OECD.SDD.NAD:DSD_NAMAIN10@DF_TABLE1_INCOME(2.0),Annual GDP and components - income approach,I,A,Annual,DEU,Germany,S1,Total economy,S1,Total economy,B1GQ,Gross domestic product,_Z,Not applicable,_Z,Not applicable,_Z,Not applicable,USD_EXC,"US dollars, exchange rate converted",V,Current prices,N,Non transformed data,T0103,Table 0103 - GDP identity from the income side,2004,,2852317.768,,,,F,Free (free for publication),1,One,A,Normal value,6,Millions,_Z,Not applicable
DATAFLOW,OECD.SDD.NAD:DSD_NAMAIN10@DF_TABLE1_INCOME(2.0),Annual GDP and components - income approach,I,A,Annual,JPN,Japan,S1,Total economy,S1,Total economy,B1GQ,Gross domestic product,_Z,Not applicable,_Z,Not applicable,_Z,Not applicable,USD_EXC,"US dollars, exchange rate converted",V,Current prices,N,Non transformed data,T0103,Table 0103 - GDP identity from the income side,2004,,4893135.491,,,,F,Free (free for publication),1,One,A,Normal value,6,Millions,_Z,Not applicable
DATAFLOW,OECD.SDD.NAD:DSD_NAMAIN10@DF_TABLE1_INCOME(2.0),Annual GDP and components - income approach,I,A,Annual,CHE,Switzerland,S1,Total economy,S1,Total economy,B1GQ,Gross domestic product,_Z,Not applicable,_Z,Not applicable,_Z,Not applicable,USD_EXC,"US dollars, exchange rate converted",V,Current prices,N,Non transformed data,T0103,Table 0103 - GDP identity from the income side,2004,,403914.244,,,,F,Free (free for publication),1,One,A,Normal value,6,Millions,_Z,Not applicable
DATAFLOW,OECD.SDD.NAD:DSD_NAMAIN10@DF_TABLE1_INCOME(2.0),Annual GDP and components - income approach,I,A,Annual,BRA,Brazil,S1,Total economy,S1,Total economy,B1GQ,Gross domestic product,_Z,Not applicable,_Z,Not applicable,_Z,Not applicable,USD_EXC,"US dollars, exchange rate converted",V,Current prices,N,Non transformed data,T0103,Table 0103 - GDP identity from the income side,2004,,669289.322,,,,F,Free (free for publication),1,One,A,Normal value,6,Millions,_Z,Not applicable
DATAFLOW,OECD.SDD.NAD:DSD_NAMAIN10@DF_TABLE1_INCOME(2.0),Annual GDP and components - income approach,I,A,Annual,DEU,Germany,S1,Total economy,S1,Total economy,B1GQ,Gross domestic product,_Z,Not applicable,_Z,Not applicable,_Z,Not applicable,USD_EXC,"US dollars, exchange rate converted",V,Current prices,N,Non transformed data,T0103,Table 0103 - GDP identity from the income side,2005,,2893393.187,,,,F,Free (free for publication),1,One,A,Normal value,6,Millions,_Z,Not applicable
DATAFLOW,OECD.SDD.NAD:DSD_NAMAIN10@DF_TABLE1_INCOME(2.0),Annual GDP and components - income approach,I,A,Annual,JPN,Japan,S1,Total economy,S1,Total economy,B1GQ,Gross domestic product,_Z,Not applicable,_Z,Not applicable,_Z,Not applicable,USD_EXC,"US dollars, exchange rate converted",V,Current prices,N,Non transformed data,T0103,Table 0103 - GDP identity from the income side,2005,,4831466.524,,,,F,Free (free for publication),1,One,A,Normal value,6,Millions,_Z,Not applicable
DATAFLOW,OECD.SDD.NAD:DSD_NAMAIN10@DF_TABLE1_INCOME(2.0),Annual GDP and components - income approach,I,A,Annual,CHE,Switzerland,S1,Total economy,S1,Total economy,B1GQ,Gross domestic product,_Z,Not applicable,_Z,Not applicable,_Z,Not applicable,USD_EXC,"US dollars, exchange rate converted",V,Current prices,N,Non transformed data,T0103,Table 0103 - GDP identity from the income side,2005,,418292.704,,,,F,Free (free for publication),1,One,A,Normal value,6,Millions,_Z,Not applicable
DATAFLOW,OECD.SDD.NAD:DSD_NAMAIN10@DF_TABLE1_INCOME(2.0),Annual GDP and components - income approach,I,A,Annual,BRA,Brazil,S1,Total economy,S1,Total economy,B1GQ,Gross domestic product,_Z,Not applicable,_Z,Not applicable,_Z,Not applicable,USD_EXC,"US dollars, exchange rate converted",V,Current prices,N,Non transformed data,T0103,Table 0103 - GDP identity from the income side,2005,,891633.827,,,,F,Free (free for publication),1,One,A,Normal value,6,Millions,_Z,Not applicable
DATAFLOW,OECD.SDD.NAD:DSD_NAMAIN10@DF_TABLE1_INCOME(2.0),Annual GDP and components - income approach,I,A,Annual,DEU,Germany,S1,Total economy,S1,Total economy,B1GQ,Gross domestic product,_Z,Not applicable,_Z,Not applicable,_Z,Not applicable,USD_EXC,"US dollars, exchange rate converted",V,Current prices,N,Non transformed data,T0103,Table 0103 - GDP identity from the income side,2006,,3046308.754,,,,F,Free (free for publication),1,One,A,Normal value,6,Millions,_Z,Not applicable
DATAFLOW,OECD.SDD.NAD:DSD_NAMAIN10@DF_TABLE1_INCOME(2.0),Annual GDP and components - income approach,I,A,Annual,JPN,Japan,S1,Total economy,S1,Total economy,B1GQ,Gross domestic product,_Z,Not applicable,_Z,Not applicable,_Z,Not applicable,USD_EXC,"US dollars, exchange rate converted",V,Current prices,N,Non transformed data,T0103,Table 0103 - GDP identity from the income side,2006,,4601662.661,,,,F,Free (free for publication),1,One,A,Normal value,6,Millions,_Z,Not applicable
DATAFLOW,OECD.SDD.NAD:DSD_NAMAIN10@DF_TABLE1_INCOME(2.0),Annual GDP and components - income approach,I,A,Annual,CHE,Switzerland,S1,Total economy,S1,Total economy,B1GQ,Gross domestic product,_Z,Not applicable,_Z,Not applicable,_Z,Not applicable,USD_EXC,"US dollars, exchange rate converted",V,Current prices,N,Non transformed data,T0103,Table 0103 - GDP identity from the income side,2006,,441619.409,,,,F,Free (free for publication),1,One,A,Normal value,6,Millions,_Z,Not applicable
DATAFLOW,OECD.SDD.NAD:DSD_NAMAIN10@DF_TABLE1_INCOME(2.0),Annual GDP and components - income approach,I,A,Annual,BRA,Brazil,S1,Total economy,S1,Total economy,B1GQ,Gross domestic product,_Z,Not applicable,_Z,Not applicable,_Z,Not applicable,USD_EXC,"US dollars, exchange rate converted",V,Current prices,N,Non transformed data,T0103,Table 0103 - GDP identity from the income side,2006,,1107626.711,,,,F,Free (free for publication),1,One,A,Normal value,6,Millions,_Z,Not applicable
DATAFLOW,OECD.SDD.NAD:DSD_NAMAIN10@DF_TABLE1_INCOME(2.0),Annual GDP and components - income approach,I,A,Annual,DEU,Germany,S1,Total economy,S1,Total economy,B1GQ,Gross domestic product,_Z,Not applicable,_Z,Not applicable,_Z,Not applicable,USD_EXC,"US dollars, exchange rate converted",V,Current prices,N,Non transformed data,T0103,Table 0103 - GDP identity from the income side,2007,,3484056.681,,,,F,Free (free for publication),1,One,A,Normal value,6,Millions,_Z,Not applicable
DATAFLOW,OECD.SDD.NAD:DSD_NAMAIN10@DF_TABLE1_INCOME(2.0),Annual GDP and components - income approach,I,A,Annual,JPN,Japan,S1,Total economy,S1,Total economy,B1GQ,Gross domestic product,_Z,Not applicable,_Z,Not applicable,_Z,Not applicable,USD_EXC,"US dollars, exchange rate converted",V,Current prices,N,Non transformed data,T0103,Table 0103 - GDP identity from the income side,2007,,4579749.786,,,,F,Free (free for publication),1,One,A,Normal value,6,Millions,_Z,Not applicable
DATAFLOW,OECD.SDD.NAD:DSD_NAMAIN10@DF_TABLE1_INCOME(2.0),Annual GDP and components - income approach,I,A,Annual,CHE,Switzerland,S1,Total economy,S1,Total economy,B1GQ,Gross domestic product,_Z,Not applicable,_Z,Not applicable,_Z,Not applicable,USD_EXC,"US dollars, exchange rate converted",V,Current prices,N,Non transformed data,T0103,Table 0103 - GDP identity from the income side,2007,,490754.684,,,,F,Free (free for publication),1,One,A,Normal value,6,Millions,_Z,Not applicable
DATAFLOW,OECD.SDD.NAD:DSD_NAMAIN10@DF_TABLE1_INCOME(2.0),Annual GDP and components - income approach,I,A,Annual,BRA,Brazil,S1,Total economy,S1,Total economy,B1GQ,Gross domestic product,_Z,Not applicable,_Z,Not applicable,_Z,Not applicable,USD_EXC,"US dollars, exchange rate converted",V,Current prices,N,Non transformed data,T0103,Table 0103 - GDP identity from the income side,2007,,1397114.247,,,,F,Free (free for publication),1,One,A,Normal value,6,Millions,_Z,Not applicable
DATAFLOW,OECD.SDD.NAD:DSD_NAMAIN10@DF_TABLE1_INCOME(2.0),Annual GDP and components - income approach,I,A,Annual,JPN,Japan,S1,Total economy,S1,Total economy,B1GQ,Gross domestic product,_Z,Not applicable,_Z,Not applicable,_Z,Not applicable,USD_EXC,"US dollars, exchange rate converted",V,Current prices,N,Non transformed data,T0103,Table 0103 - GDP identity from the income side,2008,,5106679.413,,,,F,Free (free for publication),1,One,A,Normal value,6,Millions,_Z,Not applicable
DATAFLOW,OECD.SDD.NAD:DSD_NAMAIN10@DF_TABLE1_INCOME(2.0),Annual GDP and components - income approach,I,A,Annual,CHE,Switzerland,S1,Total economy,S1,Total economy,B1GQ,Gross domestic product,_Z,Not applicable,_Z,Not applicable,_Z,Not applicable,USD_EXC,"US dollars, exchange rate converted",V,Current prices,N,Non transformed data,T0103,Table 0103 - GDP identity from the income side,2008,,567273.005,,,,F,Free (free for publication),1,One,A,Normal value,6,Millions,_Z,Not applicable
DATAFLOW,OECD.SDD.NAD:DSD_NAMAIN10@DF_TABLE1_INCOME(2.0),Annual GDP and components - income approach,I,A,Annual,BRA,Brazil,S1,Total economy,S1,Total economy,B1GQ,Gross domestic product,_Z,Not applicable,_Z,Not applicable,_Z,Not applicable,USD_EXC,"US dollars, exchange rate converted",V,Current prices,N,Non transformed data,T0103,Table 0103 - GDP identity from the income side,2008,,1695855.392,,,,F,Free (free for publication),1,One,A,Normal value,6,Millions,_Z,Not applicable
DATAFLOW,OECD.SDD.NAD:DSD_NAMAIN10@DF_TABLE1_INCOME(2.0),Annual GDP and components - income approach,I,A,Annual,JPN,Japan,S1,Total economy,S1,Total economy,B1GQ,Gross domestic product,_Z,Not applicable,_Z,Not applicable,_Z,Not applicable,USD_EXC,"US dollars, exchange rate converted",V,Current prices,N,Non transformed data,T0103,Table 0103 - GDP identity from the income side,2009,,5289493.735,,,,F,Free (free for publication),1,One,A,Normal value,6,Millions,_Z,Not applicable
DATAFLOW,OECD.SDD.NAD:DSD_NAMAIN10@DF_TABLE1_INCOME(2.0),Annual GDP and components - income approach,I,A,Annual,CHE,Switzerland,S1,Total economy,S1,Total economy,B1GQ,Gross domestic product,_Z,Not applicable,_Z,Not applicable,_Z,Not applicable,USD_EXC,"US dollars, exchange rate converted",V,Current prices,N,Non transformed data,T0103,Table 0103 - GDP identity from the income side,2009,,554191.679,,,,F,Free (free for publication),1,One,A,Normal value,6,Millions,_Z,Not applicable
DATAFLOW,OECD.SDD.NAD:DSD_NAMAIN10@DF_TABLE1_INCOME(2.0),Annual GDP and components - income approach,I,A,Annual,BRA,Brazil,S1,Total economy,S1,Total economy,B1GQ,Gross domestic product,_Z,Not applicable,_Z,Not applicable,_Z,Not applicable,USD_EXC,"US dollars, exchange rate converted",V,Current prices,N,Non transformed data,T0103,Table 0103 - GDP identity from the income side,2009,,1666996.294,,,,F,Free (free for publication),1,One,A,Normal value,6,Millions,_Z,Not applicable
DATAFLOW,OECD.SDD.NAD:DSD_NAMAIN10@DF_TABLE1_INCOME(2.0),Annual GDP and components - income approach,I,A,Annual,JPN,Japan,S1,Total economy,S1,Total economy,B1GQ,Gross domestic product,_Z,Not applicable,_Z,Not applicable,_Z,Not applicable,USD_EXC,"US dollars, exchange rate converted",V,Current prices,N,Non transformed data,T0103,Table 0103 - GDP identity from the income side,2010,,5759071.769,,,,F,Free (free for publication),1,One,A,Normal value,6,Millions,_Z,Not applicable
DATAFLOW,OECD.SDD.NAD:DSD_NAMAIN10@DF_TABLE1_INCOME(2.0),Annual GDP and components - income approach,I,A,Annual,CHE,Switzerland,S1,Total economy,S1,Total economy,B1GQ,Gross domestic product,_Z,Not applicable,_Z,Not applicable,_Z,Not applicable,USD_EXC,"US dollars, exchange rate converted",V,Current prices,N,Non transformed data,T0103,Table 0103 - GDP identity from the income side,2010,,598851.028,,,,F,Free (free for publication),1,One,A,Normal value,6,Millions,_Z,Not applicable
DATAFLOW,OECD.SDD.NAD:DSD_NAMAIN10@DF_TABLE1_INCOME(2.0),Annual GDP and components - income approach,I,A,Annual,BRA,Brazil,S1,Total economy,S1,Total economy,B1GQ,Gross domestic product,_Z,Not applicable,_Z,Not applicable,_Z,Not applicable,USD_EXC,"US dollars, exchange rate converted",V,Current prices,N,Non transformed data,T0103,Table 0103 - GDP identity from the income side,2010,,2208838.109,,,,F,Free (free for publication),1,One,A,Normal value,6,Millions,_Z,Not applicable
DATAFLOW,OECD.SDD.NAD:DSD_NAMAIN10@DF_TABLE1_INCOME(2.0),Annual GDP and components - income approach,I,A,Annual,JPN,Japan,S1,Total economy,S1,Total economy,B1GQ,Gross domestic product,_Z,Not applicable,_Z,Not applicable,_Z,Not applicable,USD_EXC,"US dollars, exchange rate converted",V,Current prices,N,Non transformed data,T0103,Table 0103 - GDP identity from the income side,2011,,6233147.172,,,,F,Free (free for publication),1,One,A,Normal value,6,Millions,_Z,Not applicable
DATAFLOW,OECD.SDD.NAD:DSD_NAMAIN10@DF_TABLE1_INCOME(2.0),Annual GDP and components - income approach,I,A,Annual,CHE,Switzerland,S1,Total economy,S1,Total economy,B1GQ,Gross domestic product,_Z,Not applicable,_Z,Not applicable,_Z,Not applicable,USD_EXC,"US dollars, exchange rate converted",V,Current prices,N,Non transformed data,T0103,Table 0103 - GDP identity from the income side,2011,,715888.127,,,,F,Free (free for publication),1,One,A,Normal value,6,Millions,_Z,Not applicable
DATAFLOW,OECD.SDD.NAD:DSD_NAMAIN10@DF_TABLE1_INCOME(2.0),Annual GDP and components - income approach,I,A,Annual,BRA,Brazil,S1,Total economy,S1,Total economy,B1GQ,Gross domestic product,_Z,Not applicable,_Z,Not applicable,_Z,Not applicable,USD_EXC,"US dollars, exchange rate converted",V,Current prices,N,Non transformed data,T0103,Table 0103 - GDP identity from the income side,2011,,2616156.607,,,,F,Free (free for publication),1,One,A,Normal value,6,Millions,_Z,Not applicable
DATAFLOW,OECD.SDD.NAD:DSD_NAMAIN10@DF_TABLE1_INCOME(2.0),Annual GDP and components - income approach,I,A,Annual,JPN,Japan,S1,Total economy,S1,Total economy,B1GQ,Gross domestic product,_Z,Not applicable,_Z,Not applicable,_Z,Not applicable,USD_EXC,"US dollars, exchange rate converted",V,Current prices,N,Non transformed data,T0103,Table 0103 - GDP identity from the income side,2012,,6272362.996,,,,F,Free (free for publication),1,One,A,Normal value,6,Millions,_Z,Not applicable
DATAFLOW,OECD.SDD.NAD:DSD_NAMAIN10@DF_TABLE1_INCOME(2.0),Annual GDP and components - income approach,I,A,Annual,CHE,Switzerland,S1,Total economy,S1,Total economy,B1GQ,Gross domestic product,_Z,Not applicable,_Z,Not applicable,_Z,Not applicable,USD_EXC,"US dollars, exchange rate converted",V,Current prices,N,Non transformed data,T0103,Table 0103 - GDP identity from the income side,2012,,686420.222,,,,F,Free (free for publication),1,One,A,Normal value,6,Millions,_Z,Not applicable
DATAFLOW,OECD.SDD.NAD:DSD_NAMAIN10@DF_TABLE1_INCOME(2.0),Annual GDP and components - income approach,I,A,Annual,BRA,Brazil,S1,Total economy,S1,Total economy,B1GQ,Gross domestic product,_Z,Not applicable,_Z,Not applicable,_Z,Not applicable,USD_EXC,"US dollars, exchange rate converted",V,Current prices,N,Non transformed data,T0103,Table 0103 - GDP identity from the income side,2012,,2465228.294,,,,F,Free (free for publication),1,One,A,Normal value,6,Millions,_Z,Not applicable
DATAFLOW,OECD.SDD.NAD:DSD_NAMAIN10@DF_TABLE1_INCOME(2.0),Annual GDP and components - income approach,I,A,Annual,JPN,Japan,S1,Total economy,S1,Total economy,B1GQ,Gross domestic product,_Z,Not applicable,_Z,Not applicable,_Z,Not applicable,USD_EXC,"US dollars, exchange rate converted",V,Current prices,N,Non transformed data,T0103,Table 0103 - GDP identity from the income side,2013,,5212328.181,,,,F,Free (free for publication),1,One,A,Normal value,6,Millions,_Z,Not applicable
DATAFLOW,OECD.SDD.NAD:DSD_NAMAIN10@DF_TABLE1_INCOME(2.0),Annual GDP and components - income approach,I,A,Annual,CHE,Switzerland,S1,Total economy,S1,Total economy,B1GQ,Gross domestic product,_Z,Not applicable,_Z,Not applicable,_Z,Not applicable,USD_EXC,"US dollars, exchange rate converted",V,Current prices,N,Non transformed data,T0103,Table 0103 - GDP identity from the income side,2013,,706234.937,,,,F,Free (free for publication),1,One,A,Normal value,6,Millions,_Z,Not applicable
DATAFLOW,OECD.SDD.NAD:DSD_NAMAIN10@DF_TABLE1_INCOME(2.0),Annual GDP and components - income approach,I,A,Annual,BRA,Brazil,S1,Total economy,S1,Total economy,B1GQ,Gross domestic product,_Z,Not applicable,_Z,Not applicable,_Z,Not applicable,USD_EXC,"US dollars, exchange rate converted",V,Current prices,N,Non transformed data,T0103,Table 0103 - GDP identity from the income side,2013,,2472819.362,,,,F,Free (free for publication),1,One,A,Normal value,6,Millions,_Z,Not applicable
DATAFLOW,OECD.SDD.NAD:DSD_NAMAIN10@DF_TABLE1_INCOME(2.0),Annual GDP and components - income approach,I,A,Annual,JPN,Japan,S1,Total economy,S1,Total economy,B1GQ,Gross domestic product,_Z,Not applicable,_Z,Not applicable,_Z,Not applicable,USD_EXC,"US dollars, exchange rate converted",V,Current prices,N,Non transformed data,T0103,Table 0103 - GDP identity from the income side,2014,,4896994.405,,,,F,Free (free for publication),1,One,A,Normal value,6,Millions,_Z,Not applicable
DATAFLOW,OECD.SDD.NAD:DSD_NAMAIN10@DF_TABLE1_INCOME(2.0),Annual GDP and components - income approach,I,A,Annual,CHE,Switzerland,S1,Total economy,S1,Total economy,B1GQ,Gross domestic product,_Z,Not applicable,_Z,Not applicable,_Z,Not applicable,USD_EXC,"US dollars, exchange rate converted",V,Current prices,N,Non transformed data,T0103,Table 0103 - GDP identity from the income side,2014,,726537.809,,,,F,Free (free for publication),1,One,A,Normal value,6,Millions,_Z,Not applicable
DATAFLOW,OECD.SDD.NAD:DSD_NAMAIN10@DF_TABLE1_INCOME(2.0),Annual GDP and components - income approach,I,A,Annual,BRA,Brazil,S1,Total economy,S1,Total economy,B1GQ,Gross domestic product,_Z,Not applicable,_Z,Not applicable,_Z,Not applicable,USD_EXC,"US dollars, exchange rate converted",V,Current prices,N,Non transformed data,T0103,Table 0103 - GDP identity from the income side,2014,,2456043.766,,,,F,Free (free for publication),1,One,A,Normal value,6,Millions,_Z,Not applicable
DATAFLOW,OECD.SDD.NAD:DSD_NAMAIN10@DF_TABLE1_INCOME(2.0),Annual GDP and components - income approach,I,A,Annual,JPN,Japan,S1,Total economy,S1,Total economy,B1GQ,Gross domestic product,_Z,Not applicable,_Z,Not applicable,_Z,Not applicable,USD_EXC,"US dollars, exchange rate converted",V,Current prices,N,Non transformed data,T0103,Table 0103 - GDP identity from the income side,2015,,4444930.652,,,,F,Free (free for publication),1,One,A,Normal value,6,Millions,_Z,Not applicable
DATAFLOW,OECD.SDD.NAD:DSD_NAMAIN10@DF_TABLE1_INCOME(2.0),Annual GDP and components - income approach,I,A,Annual,CHE,Switzerland,S1,Total economy,S1,Total economy,B1GQ,Gross domestic product,_Z,Not applicable,_Z,Not applicable,_Z,Not applicable,USD_EXC,"US dollars, exchange rate converted",V,Current prices,N,Non transformed data,T0103,Table 0103 - GDP identity from the income side,2015,,694118.186,,,,F,Free (free for publication),1,One,A,Normal value,6,Millions,_Z,Not applicable
DATAFLOW,OECD.SDD.NAD:DSD_NAMAIN10@DF_TABLE1_INCOME(2.0),Annual GDP and components - income approach,I,A,Annual,BRA,Brazil,S1,Total economy,S1,Total economy,B1GQ,Gross domestic product,_Z,Not applicable,_Z,Not applicable,_Z,Not applicable,USD_EXC,"US dollars, exchange rate converted",V,Current prices,N,Non transformed data,T0103,Table 0103 - GDP identity from the income side,2015,,1802212,,,,F,Free (free for publication),1,One,A,Normal value,6,Millions,_Z,Not applicable
DATAFLOW,OECD.SDD.NAD:DSD_NAMAIN10@DF_TABLE1_INCOME(2.0),Annual GDP and components - income approach,I,A,Annual,JPN,Japan,S1,Total economy,S1,Total economy,B1GQ,Gross domestic product,_Z,Not applicable,_Z,Not applicable,_Z,Not applicable,USD_EXC,"US dollars, exchange rate converted",V,Current prices,N,Non transformed data,T0103,Table 0103 - GDP identity from the income side,2016,,5003677.628,,,,F,Free (free for publication),1,One,A,Normal value,6,Millions,_Z,Not applicable
DATAFLOW,OECD.SDD.NAD:DSD_NAMAIN10@DF_TABLE1_INCOME(2.0),Annual GDP and components - income approach,I,A,Annual,CHE,Switzerland,S1,Total economy,S1,Total economy,B1GQ,Gross domestic product,_Z,Not applicable,_Z,Not applicable,_Z,Not applicable,USD_EXC,"US dollars, exchange rate converted",V,Current prices,N,Non transformed data,T0103,Table 0103 - GDP identity from the income side,2016,,687895.46,,,,F,Free (free for publication),1,One,A,Normal value,6,Millions,_Z,Not applicable
DATAFLOW,OECD.SDD.NAD:DSD_NAMAIN10@DF_TABLE1_INCOME(2.0),Annual GDP and components - income approach,I,A,Annual,BRA,Brazil,S1,Total economy,S1,Total economy,B1GQ,Gross domestic product,_Z,Not applicable,_Z,Not applicable,_Z,Not applicable,USD_EXC,"US dollars, exchange rate converted",V,Current prices,N,Non transformed data,T0103,Table 0103 - GDP identity from the income side,2016,,1795693.266,,,,F,Free (free for publication),1,One,A,Normal value,6,Millions,_Z,Not applicable
DATAFLOW,OECD.SDD.NAD:DSD_NAMAIN10@DF_TABLE1_INCOME(2.0),Annual GDP and components - income approach,I,A,Annual,JPN,Japan,S1,Total economy,S1,Total economy,B1GQ,Gross domestic product,_Z,Not applicable,_Z,Not applicable,_Z,Not applicable,USD_EXC,"US dollars, exchange rate converted",V,Current prices,N,Non transformed data,T0103,Table 0103 - GDP identity from the income side,2017,,4930837.369,,,,F,Free (free for publication),1,One,A,Normal value,6,Millions,_Z,Not applicable
DATAFLOW,OECD.SDD.NAD:DSD_NAMAIN10@DF_TABLE1_INCOME(2.0),Annual GDP and components - income approach,I,A,Annual,CHE,Switzerland,S1,Total economy,S1,Total economy,B1GQ,Gross domestic product,_Z,Not applicable,_Z,Not applicable,_Z,Not applicable,USD_EXC,"US dollars, exchange rate converted",V,Current prices,N,Non transformed data,T0103,Table 0103 - GDP identity from the income side,2017,,695200.834,,,,F,Free (free for publication),1,One,A,Normal value,6,Millions,_Z,Not applicable
DATAFLOW,OECD.SDD.NAD:DSD_NAMAIN10@DF_TABLE1_INCOME(2.0),Annual GDP and components - income approach,I,A,Annual,BRA,Brazil,S1,Total economy,S1,Total economy,B1GQ,Gross domestic product,_Z,Not applicable,_Z,Not applicable,_Z,Not applicable,USD_EXC,"US dollars, exchange rate converted",V,Current prices,N,Non transformed data,T0103,Table 0103 - GDP identity from the income side,2017,,2062837.868,,,,F,Free (free for publication),1,One,A,Normal value,6,Millions,_Z,Not applicable
DATAFLOW,OECD.SDD.NAD:DSD_NAMAIN10@DF_TABLE1_INCOME(2.0),Annual GDP and components - income approach,I,A,Annual,JPN,Japan,S1,Total economy,S1,Total economy,B1GQ,Gross domestic product,_Z,Not applicable,_Z,Not applicable,_Z,Not applicable,USD_EXC,"US dollars, exchange rate converted",V,Current prices,N,Non transformed data,T0103,Table 0103 - GDP identity from the income side,2018,,5040880.939,,,,F,Free (free for publication),1,One,A,Normal value,6,Millions,_Z,Not applicable
DATAFLOW,OECD.SDD.NAD:DSD_NAMAIN10@DF_TABLE1_INCOME(2.0),Annual GDP and components - income approach,I,A,Annual,CHE,Switzerland,S1,Total economy,S1,Total economy,B1GQ,Gross domestic product,_Z,Not applicable,_Z,Not applicable,_Z,Not applicable,USD_EXC,"US dollars, exchange rate converted",V,Current prices,N,Non transformed data,T0103,Table 0103 - GDP identity from the income side,2018,,725562.535,,,,F,Free (free for publication),1,One,A,Normal value,6,Millions,_Z,Not applicable
DATAFLOW,OECD.SDD.NAD:DSD_NAMAIN10@DF_TABLE1_INCOME(2.0),Annual GDP and components - income approach,I,A,Annual,BRA,Brazil,S1,Total economy,S1,Total economy,B1GQ,Gross domestic product,_Z,Not applicable,_Z,Not applicable,_Z,Not applicable,USD_EXC,"US dollars, exchange rate converted",V,Current prices,N,Non transformed data,T0103,Table 0103 - GDP identity from the income side,2018,,1916929.056,,,,F,Free (free for publication),1,One,A,Normal value,6,Millions,_Z,Not applicable
DATAFLOW,OECD.SDD.NAD:DSD_NAMAIN10@DF_TABLE1_INCOME(2.0),Annual GDP and components - income approach,I,A,Annual,JPN,Japan,S1,Total economy,S1,Total economy,B1GQ,Gross domestic product,_Z,Not applicable,_Z,Not applicable,_Z,Not applicable,USD_EXC,"US dollars, exchange rate converted",V,Current prices,N,Non transformed data,T0103,Table 0103 - GDP identity from the income side,2019,,5117993.853,,,,F,Free (free for publication),1,One,A,Normal value,6,Millions,_Z,Not applicable
DATAFLOW,OECD.SDD.NAD:DSD_NAMAIN10@DF_TABLE1_INCOME(2.0),Annual GDP and components - income approach,I,A,Annual,CHE,Switzerland,S1,Total economy,S1,Total economy,B1GQ,Gross domestic product,_Z,Not applicable,_Z,Not applicable,_Z,Not applicable,USD_EXC,"US dollars, exchange rate converted",V,Current prices,N,Non transformed data,T0103,Table 0103 - GDP identity from the income side,2019,,721416.903,,,,F,Free (free for publication),1,One,A,Normal value,6,Millions,_Z,Not applicable
DATAFLOW,OECD.SDD.NAD:DSD_NAMAIN10@DF_TABLE1_INCOME(2.0),Annual GDP and components - income approach,I,A,Annual,BRA,Brazil,S1,Total economy,S1,Total economy,B1GQ,Gross domestic product,_Z,Not applicable,_Z,Not applicable,_Z,Not applicable,USD_EXC,"US dollars, exchange rate converted",V,Current prices,N,Non transformed data,T0103,Table 0103 - GDP identity from the income side,2019,,1873288.159,,,,F,Free (free for publication),1,One,A,Normal value,6,Millions,_Z,Not applicable
DATAFLOW,OECD.SDD.NAD:DSD_NAMAIN10@DF_TABLE1_INCOME(2.0),Annual GDP and components - income approach,I,A,Annual,CHE,Switzerland,S1,Total economy,S1,Total economy,B1GQ,Gross domestic product,_Z,Not applicable,_Z,Not applicable,_Z,Not applicable,USD_EXC,"US dollars, exchange rate converted",V,Current prices,N,Non transformed data,T0103,Table 0103 - GDP identity from the income side,2020,,741901.944,,,,F,Free (free for publication),1,One,A,Normal value,6,Millions,_Z,Not applicable
DATAFLOW,OECD.SDD.NAD:DSD_NAMAIN10@DF_TABLE1_INCOME(2.0),Annual GDP and components - income approach,I,A,Annual,BRA,Brazil,S1,Total economy,S1,Total economy,B1GQ,Gross domestic product,_Z,Not applicable,_Z,Not applicable,_Z,Not applicable,USD_EXC,"US dollars, exchange rate converted",V,Current prices,N,Non transformed data,T0103,Table 0103 - GDP identity from the income side,2020,,1476107.292,,,,F,Free (free for publication),1,One,A,Normal value,6,Millions,_Z,Not applicable
DATAFLOW,OECD.SDD.NAD:DSD_NAMAIN10@DF_TABLE1_INCOME(2.0),Annual GDP and components - income approach,I,A,Annual,CHE,Switzerland,S1,Total economy,S1,Total economy,B1GQ,Gross domestic product,_Z,Not applicable,_Z,Not applicable,_Z,Not applicable,USD_EXC,"US dollars, exchange rate converted",V,Current prices,N,Non transformed data,T0103,Table 0103 - GDP identity from the income side,2021,,815309.331,,,,F,Free (free for publication),1,One,A,Normal value,6,Millions,_Z,Not applicable
DATAFLOW,OECD.SDD.NAD:DSD_NAMAIN10@DF_TABLE1_INCOME(2.0),Annual GDP and components - income approach,I,A,Annual,BRA,Brazil,S1,Total economy,S1,Total economy,B1GQ,Gross domestic product,_Z,Not applicable,_Z,Not applicable,_Z,Not applicable,USD_EXC,"US dollars, exchange rate converted",V,Current prices,N,Non transformed data,T0103,Table 0103 - GDP identity from the income side,2021,,1670647.464,,,,F,Free (free for publication),1,One,A,Normal value,6,Millions,_Z,Not applicable
DATAFLOW,OECD.SDD.NAD:DSD_NAMAIN10@DF_TABLE1_INCOME(2.0),Annual GDP and components - income approach,I,A,Annual,USA,United States,S1,Total economy,S1,Total economy,B1GQ,Gross domestic product,_Z,Not applicable,_Z,Not applicable,_Z,Not applicable,USD_EXC,"US dollars, exchange rate converted",V,Current prices,N,Non transformed data,T0103,Table 0103 - GDP identity from the income side,2000,,10250951.82,,,,F,Free (free for publication),1,One,A,Normal value,6,Millions,_Z,Not applicable
DATAFLOW,OECD.SDD.NAD:DSD_NAMAIN10@DF_TABLE1_INCOME(2.0),Annual GDP and components - income approach,I,A,Annual,USA,United States,S1,Total economy,S1,Total economy,B1GQ,Gross domestic product,_Z,Not applicable,_Z,Not applicable,_Z,Not applicable,USD_EXC,"US dollars, exchange rate converted",V,Current prices,N,Non transformed data,T0103,Table 0103 - GDP identity from the income side,2001,,10581929.2,,,,F,Free (free for publication),1,One,A,Normal value,6,Millions,_Z,Not applicable
DATAFLOW,OECD.SDD.NAD:DSD_NAMAIN10@DF_TABLE1_INCOME(2.0),Annual GDP and components - income approach,I,A,Annual,USA,United States,S1,Total economy,S1,Total economy,B1GQ,Gross domestic product,_Z,Not applicable,_Z,Not applicable,_Z,Not applicable,USD_EXC,"US dollars, exchange rate converted",V,Current prices,N,Non transformed data,T0103,Table 0103 - GDP identity from the income side,2002,,10929108,,,,F,Free (free for publication),1,One,A,Normal value,6,Millions,_Z,Not applicable
DATAFLOW,OECD.SDD.NAD:DSD_NAMAIN10@DF_TABLE1_INCOME(2.0),Annual GDP and components - income approach,I,A,Annual,USA,United States,S1,Total economy,S1,Total economy,B1GQ,Gross domestic product,_Z,Not applicable,_Z,Not applicable,_Z,Not applicable,USD_EXC,"US dollars, exchange rate converted",V,Current prices,N,Non transformed data,T0103,Table 0103 - GDP identity from the income side,2003,,11456449.59,,,,F,Free (free for publication),1,One,A,Normal value,6,Millions,_Z,Not applicable
DATAFLOW,OECD.SDD.NAD:DSD_NAMAIN10@DF_TABLE1_INCOME(2.0),Annual GDP and components - income approach,I,A,Annual,USA,United States,S1,Total economy,S1,Total economy,B1GQ,Gross domestic product,_Z,Not applicable,_Z,Not applicable,_Z,Not applicable,USD_EXC,"US dollars, exchange rate converted",V,Current prices,N,Non transformed data,T0103,Table 0103 - GDP identity from the income side,2004,,12217195.88,,,,F,Free (free for publication),1,One,A,Normal value,6,Millions,_Z,Not applicable
DATAFLOW,OECD.SDD.NAD:DSD_NAMAIN10@DF_TABLE1_INCOME(2.0),Annual GDP and components - income approach,I,A,Annual,USA,United States,S1,Total economy,S1,Total economy,B1GQ,Gross domestic product,_Z,Not applicable,_Z,Not applicable,_Z,Not applicable,USD_EXC,"US dollars, exchange rate converted",V,Current prices,N,Non transformed data,T0103,Table 0103 - GDP identity from the income side,2005,,13039196.89,,,,F,Free (free for publication),1,One,A,Normal value,6,Millions,_Z,Not applicable
DATAFLOW,OECD.SDD.NAD:DSD_NAMAIN10@DF_TABLE1_INCOME(2.0),Annual GDP and components - income approach,I,A,Annual,USA,United States,S1,Total economy,S1,Total economy,B1GQ,Gross domestic product,_Z,Not applicable,_Z,Not applicable,_Z,Not applicable,USD_EXC,"US dollars, exchange rate converted",V,Current prices,N,Non transformed data,T0103,Table 0103 - GDP identity from the income side,2006,,13815583.08,,,,F,Free (free for publication),1,One,A,Normal value,6,Millions,_Z,Not applicable
DATAFLOW,OECD.SDD.NAD:DSD_NAMAIN10@DF_TABLE1_INCOME(2.0),Annual GDP and components - income approach,I,A,Annual,USA,United States,S1,Total economy,S1,Total economy,B1GQ,Gross domestic product,_Z,Not applicable,_Z,Not applicable,_Z,Not applicable,USD_EXC,"US dollars, exchange rate converted",V,Current prices,N,Non transformed data,T0103,Table 0103 - GDP identity from the income side,2007,,14474227.58,,,,F,Free (free for publication),1,One,A,Normal value,6,Millions,_Z,Not applicable
DATAFLOW,OECD.SDD.NAD:DSD_NAMAIN10@DF_TABLE1_INCOME(2.0),Annual GDP and components - income approach,I,A,Annual,USA,United States,S1,Total economy,S1,Total economy,B1GQ,Gross domestic product,_Z,Not applicable,_Z,Not applicable,_Z,Not applicable,USD_EXC,"US dollars, exchange rate converted",V,Current prices,N,Non transformed data,T0103,Table 0103 - GDP identity from the income side,2008,,14769861.6,,,,F,Free (free for publication),1,One,A,Normal value,6,Millions,_Z,Not applicable
DATAFLOW,OECD.SDD.NAD:DSD_NAMAIN10@DF_TABLE1_INCOME(2.0),Annual GDP and components - income approach,I,A,Annual,USA,United States,S1,Total economy,S1,Total economy,B1GQ,Gross domestic product,_Z,Not applicable,_Z,Not applicable,_Z,Not applicable,USD_EXC,"US dollars, exchange rate converted",V,Current prices,N,Non transformed data,T0103,Table 0103 - GDP identity from the income side,2009,,14478066.63,,,,F,Free (free for publication),1,One,A,Normal value,6,Millions,_Z,Not applicable
DATAFLOW,OECD.SDD.NAD:DSD_NAMAIN10@DF_TABLE1_INCOME(2.0),Annual GDP and components - income approach,I,A,Annual,USA,United States,S1,Total economy,S1,Total economy,B1GQ,Gross domestic product,_Z,Not applicable,_Z,Not applicable,_Z,Not applicable,USD_EXC,"US dollars, exchange rate converted",V,Current prices,N,Non transformed data,T0103,Table 0103 - GDP identity from the income side,2010,,15048969.94,,,,F,Free (free for publication),1,One,A,Normal value,6,Millions,_Z,Not applicable
DATAFLOW,OECD.SDD.NAD:DSD_NAMAIN10@DF_TABLE1_INCOME(2.0),Annual GDP and components - income approach,I,A,Annual,USA,United States,S1,Total economy,S1,Total economy,B1GQ,Gross domestic product,_Z,Not applicable,_Z,Not applicable,_Z,Not applicable,USD_EXC,"US dollars, exchange rate converted",V,Current prices,N,Non transformed data,T0103,Table 0103 - GDP identity from the income side,2011,,15599731.49,,,,F,Free (free for publication),1,One,A,Normal value,6,Millions,_Z,Not applicable
DATAFLOW,OECD.SDD.NAD:DSD_NAMAIN10@DF_TABLE1_INCOME(2.0),Annual GDP and components - income approach,I,A,Annual,USA,United States,S1,Total economy,S1,Total economy,B1GQ,Gross domestic product,_Z,Not applicable,_Z,Not applicable,_Z,Not applicable,USD_EXC,"US dollars, exchange rate converted",V,Current prices,N,Non transformed data,T0103,Table 0103 - GDP identity from the income side,2012,,16253970.02,,,,F,Free (free for publication),1,One,A,Normal value,6,Millions,_Z,Not applicable
DATAFLOW,OECD.SDD.NAD:DSD_NAMAIN10@DF_TABLE1_INCOME(2.0),Annual GDP and components - income approach,I,A,Annual,USA,United States,S1,Total economy,S1,Total economy,B1GQ,Gross domestic product,_Z,Not applicable,_Z,Not applicable,_Z,Not applicable,USD_EXC,"US dollars, exchange rate converted",V,Current prices,N,Non transformed data,T0103,Table 0103 - GDP identity from the income side,2013,,16843195.54,,,,F,Free (free for publication),1,One,A,Normal value,6,Millions,_Z,Not applicable
DATAFLOW,OECD.SDD.NAD:DSD_NAMAIN10@DF_TABLE1_INCOME(2.0),Annual GDP and components - income approach,I,A,Annual,USA,United States,S1,Total economy,S1,Total economy,B1GQ,Gross domestic product,_Z,Not applicable,_Z,Not applicable,_Z,Not applicable,USD_EXC,"US dollars, exchange rate converted",V,Current prices,N,Non transformed data,T0103,Table 0103 - GDP identity from the income side,2014,,17550687.43,,,,F,Free (free for publication),1,One,A,Normal value,6,Millions,_Z,Not applicable
DATAFLOW,OECD.SDD.NAD:DSD_NAMAIN10@DF_TABLE1_INCOME(2.0),Annual GDP and components - income approach,I,A,Annual,USA,United States,S1,Total economy,S1,Total economy,B1GQ,Gross domestic product,_Z,Not applicable,_Z,Not applicable,_Z,Not applicable,USD_EXC,"US dollars, exchange rate converted",V,Current prices,N,Non transformed data,T0103,Table 0103 - GDP identity from the income side,2015,,18206023.46,,,,F,Free (free for publication),1,One,A,Normal value,6,Millions,_Z,Not applicable
DATAFLOW,OECD.SDD.NAD:DSD_NAMAIN10@DF_TABLE1_INCOME(2.0),Annual GDP and components - income approach,I,A,Annual,USA,United States,S1,Total economy,S1,Total economy,B1GQ,Gross domestic product,_Z,Not applicable,_Z,Not applicable,_Z,Not applicable,USD_EXC,"US dollars, exchange rate converted",V,Current prices,N,Non transformed data,T0103,Table 0103 - GDP identity from the income side,2016,,18695105.82,,,,F,Free (free for publication),1,One,A,Normal value,6,Millions,_Z,Not applicable
DATAFLOW,OECD.SDD.NAD:DSD_NAMAIN10@DF_TABLE1_INCOME(2.0),Annual GDP and components - income approach,I,A,Annual,USA,United States,S1,Total economy,S1,Total economy,B1GQ,Gross domestic product,_Z,Not applicable,_Z,Not applicable,_Z,Not applicable,USD_EXC,"US dollars, exchange rate converted",V,Current prices,N,Non transformed data,T0103,Table 0103 - GDP identity from the income side,2017,,19477336.68,,,,F,Free (free for publication),1,One,A,Normal value,6,Millions,_Z,Not applicable
DATAFLOW,OECD.SDD.NAD:DSD_NAMAIN10@DF_TABLE1_INCOME(2.0),Annual GDP and components - income approach,I,A,Annual,USA,United States,S1,Total economy,S1,Total economy,B1GQ,Gross domestic product,_Z,Not applicable,_Z,Not applicable,_Z,Not applicable,USD_EXC,"US dollars, exchange rate converted",V,Current prices,N,Non transformed data,T0103,Table 0103 - GDP identity from the income side,2018,,20533057.58,,,,F,Free (free for publication),1,One,A,Normal value,6,Millions,_Z,Not applicable
DATAFLOW,OECD.SDD.NAD:DSD_NAMAIN10@DF_TABLE1_INCOME(2.0),Annual GDP and components - income approach,I,A,Annual,USA,United States,S1,Total economy,S1,Total economy,B1GQ,Gross domestic product,_Z,Not applicable,_Z,Not applicable,_Z,Not applicable,USD_EXC,"US dollars, exchange rate converted",V,Current prices,N,Non transformed data,T0103,Table 0103 - GDP identity from the income side,2019,,21380976.23,,,,F,Free (free for publication),1,One,A,Normal value,6,Millions,_Z,Not applicable
DATAFLOW,OECD.SDD.NAD:DSD_NAMAIN10@DF_TABLE1_INCOME(2.0),Annual GDP and components - income approach,I,A,Annual,USA,United States,S1,Total economy,S1,Total economy,B1GQ,Gross domestic product,_Z,Not applicable,_Z,Not applicable,_Z,Not applicable,USD_EXC,"US dollars, exchange rate converted",V,Current prices,N,Non transformed data,T0103,Table 0103 - GDP identity from the income side,2020,,21060474.06,,,,F,Free (free for publication),1,One,A,Normal value,6,Millions,_Z,Not applicable
DATAFLOW,OECD.SDD.NAD:DSD_NAMAIN10@DF_TABLE1_INCOME(2.0),Annual GDP and components - income approach,I,A,Annual,USA,United States,S1,Total economy,S1,Total economy,B1GQ,Gross domestic product,_Z,Not applicable,_Z,Not applicable,_Z,Not applicable,USD_EXC,"US dollars, exchange rate converted",V,Current prices,N,Non transformed data,T0103,Table 0103 - GDP identity from the income side,2021,,23315081.15,,,,F,Free (free for publication),1,One,A,Normal value,6,Millions,_Z,Not applicable
DATAFLOW,OECD.SDD.NAD:DSD_NAMAIN10@DF_TABLE1_INCOME(2.0),Annual GDP and components - income approach,I,A,Annual,GBR,United Kingdom,S1,Total economy,S1,Total economy,B1GQ,Gross domestic product,_Z,Not applicable,_Z,Not applicable,_Z,Not applicable,USD_EXC,"US dollars, exchange rate converted",V,Current prices,N,Non transformed data,T0103,Table 0103 - GDP identity from the income side,2000,,1671519.839,,,,F,Free (free for publication),1,One,A,Normal value,6,Millions,_Z,Not applicable
DATAFLOW,OECD.SDD.NAD:DSD_NAMAIN10@DF_TABLE1_INCOME(2.0),Annual GDP and components - income approach,I,A,Annual,GBR,United Kingdom,S1,Total economy,S1,Total economy,B1GQ,Gross domestic product,_Z,Not applicable,_Z,Not applicable,_Z,Not applicable,USD_EXC,"US dollars, exchange rate converted",V,Current prices,N,Non transformed data,T0103,Table 0103 - GDP identity from the income side,2001,,1656278.296,,,,F,Free (free for publication),1,One,A,Normal value,6,Millions,_Z,Not applicable
DATAFLOW,OECD.SDD.NAD:DSD_NAMAIN10@DF_TABLE1_INCOME(2.0),Annual GDP and components - income approach,I,A,Annual,GBR,United Kingdom,S1,Total economy,S1,Total economy,B1GQ,Gross domestic product,_Z,Not applicable,_Z,Not applicable,_Z,Not applicable,USD_EXC,"US dollars, exchange rate converted",V,Current prices,N,Non transformed data,T0103,Table 0103 - GDP identity from the income side,2002,,1790473.954,,,,F,Free (free for publication),1,One,A,Normal value,6,Millions,_Z,Not applicable
DATAFLOW,OECD.SDD.NAD:DSD_NAMAIN10@DF_TABLE1_INCOME(2.0),Annual GDP and components - income approach,I,A,Annual,GBR,United Kingdom,S1,Total economy,S1,Total economy,B1GQ,Gross domestic product,_Z,Not applicable,_Z,Not applicable,_Z,Not applicable,USD_EXC,"US dollars, exchange rate converted",V,Current prices,N,Non transformed data,T0103,Table 0103 - GDP identity from the income side,2003,,2061320.304,,,,F,Free (free for publication),1,One,A,Normal value,6,Millions,_Z,Not applicable
DATAFLOW,OECD.SDD.NAD:DSD_NAMAIN10@DF_TABLE1_INCOME(2.0),Annual GDP and components - income approach,I,A,Annual,GBR,United Kingdom,S1,Total economy,S1,Total economy,B1GQ,Gross domestic product,_Z,Not applicable,_Z,Not applicable,_Z,Not applicable,USD_EXC,"US dollars, exchange rate converted",V,Current prices,N,Non transformed data,T0103,Table 0103 - GDP identity from the income side,2004,,2429863.781,,,,F,Free (free for publication),1,One,A,Normal value,6,Millions,_Z,Not applicable
DATAFLOW,OECD.SDD.NAD:DSD_NAMAIN10@DF_TABLE1_INCOME(2.0),Annual GDP and components - income approach,I,A,Annual,GBR,United Kingdom,S1,Total economy,S1,Total economy,B1GQ,Gross domestic product,_Z,Not applicable,_Z,Not applicable,_Z,Not applicable,USD_EXC,"US dollars, exchange rate converted",V,Current prices,N,Non transformed data,T0103,Table 0103 - GDP identity from the income side,2005,,2551369.55,,,,F,Free (free for publication),1,One,A,Normal value,6,Millions,_Z,Not applicable
DATAFLOW,OECD.SDD.NAD:DSD_NAMAIN10@DF_TABLE1_INCOME(2.0),Annual GDP and components - income approach,I,A,Annual,GBR,United Kingdom,S1,Total economy,S1,Total economy,B1GQ,Gross domestic product,_Z,Not applicable,_Z,Not applicable,_Z,Not applicable,USD_EXC,"US dollars, exchange rate converted",V,Current prices,N,Non transformed data,T0103,Table 0103 - GDP identity from the income side,2006,,2719625.136,,,,F,Free (free for publication),1,One,A,Normal value,6,Millions,_Z,Not applicable
DATAFLOW,OECD.SDD.NAD:DSD_NAMAIN10@DF_TABLE1_INCOME(2.0),Annual GDP and components - income approach,I,A,Annual,GBR,United Kingdom,S1,Total economy,S1,Total economy,B1GQ,Gross domestic product,_Z,Not applicable,_Z,Not applicable,_Z,Not applicable,USD_EXC,"US dollars, exchange rate converted",V,Current prices,N,Non transformed data,T0103,Table 0103 - GDP identity from the income side,2007,,3104875.893,,,,F,Free (free for publication),1,One,A,Normal value,6,Millions,_Z,Not applicable
DATAFLOW,OECD.SDD.NAD:DSD_NAMAIN10@DF_TABLE1_INCOME(2.0),Annual GDP and components - income approach,I,A,Annual,GBR,United Kingdom,S1,Total economy,S1,Total economy,B1GQ,Gross domestic product,_Z,Not applicable,_Z,Not applicable,_Z,Not applicable,USD_EXC,"US dollars, exchange rate converted",V,Current prices,N,Non transformed data,T0103,Table 0103 - GDP identity from the income side,2008,,2945434.574,,,,F,Free (free for publication),1,One,A,Normal value,6,Millions,_Z,Not applicable
DATAFLOW,OECD.SDD.NAD:DSD_NAMAIN10@DF_TABLE1_INCOME(2.0),Annual GDP and components - income approach,I,A,Annual,GBR,United Kingdom,S1,Total economy,S1,Total economy,B1GQ,Gross domestic product,_Z,Not applicable,_Z,Not applicable,_Z,Not applicable,USD_EXC,"US dollars, exchange rate converted",V,Current prices,N,Non transformed data,T0103,Table 0103 - GDP identity from the income side,2009,,2429285.252,,,,F,Free (free for publication),1,One,A,Normal value,6,Millions,_Z,Not applicable
DATAFLOW,OECD.SDD.NAD:DSD_NAMAIN10@DF_TABLE1_INCOME(2.0),Annual GDP and components - income approach,I,A,Annual,GBR,United Kingdom,S1,Total economy,S1,Total economy,B1GQ,Gross domestic product,_Z,Not applicable,_Z,Not applicable,_Z,Not applicable,USD_EXC,"US dollars, exchange rate converted",V,Current prices,N,Non transformed data,T0103,Table 0103 - GDP identity from the income side,2010,,2496740.681,,,,F,Free (free for publication),1,One,A,Normal value,6,Millions,_Z,Not applicable
DATAFLOW,OECD.SDD.NAD:DSD_NAMAIN10@DF_TABLE1_INCOME(2.0),Annual GDP and components - income approach,I,A,Annual,GBR,United Kingdom,S1,Total economy,S1,Total economy,B1GQ,Gross domestic product,_Z,Not applicable,_Z,Not applicable,_Z,Not applicable,USD_EXC,"US dollars, exchange rate converted",V,Current prices,N,Non transformed data,T0103,Table 0103 - GDP identity from the income side,2011,,2675590.034,,,,F,Free (free for publication),1,One,A,Normal value,6,Millions,_Z,Not applicable
DATAFLOW,OECD.SDD.NAD:DSD_NAMAIN10@DF_TABLE1_INCOME(2.0),Annual GDP and components - income approach,I,A,Annual,GBR,United Kingdom,S1,Total economy,S1,Total economy,B1GQ,Gross domestic product,_Z,Not applicable,_Z,Not applicable,_Z,Not applicable,USD_EXC,"US dollars, exchange rate converted",V,Current prices,N,Non transformed data,T0103,Table 0103 - GDP identity from the income side,2012,,2719715.962,,,,F,Free (free for publication),1,One,A,Normal value,6,Millions,_Z,Not applicable
DATAFLOW,OECD.SDD.NAD:DSD_NAMAIN10@DF_TABLE1_INCOME(2.0),Annual GDP and components - income approach,I,A,Annual,GBR,United Kingdom,S1,Total economy,S1,Total economy,B1GQ,Gross domestic product,_Z,Not applicable,_Z,Not applicable,_Z,Not applicable,USD_EXC,"US dollars, exchange rate converted",V,Current prices,N,Non transformed data,T0103,Table 0103 - GDP identity from the income side,2013,,2796908.333,,,,F,Free (free for publication),1,One,A,Normal value,6,Millions,_Z,Not applicable
DATAFLOW,OECD.SDD.NAD:DSD_NAMAIN10@DF_TABLE1_INCOME(2.0),Annual GDP and components - income approach,I,A,Annual,GBR,United Kingdom,S1,Total economy,S1,Total economy,B1GQ,Gross domestic product,_Z,Not applicable,_Z,Not applicable,_Z,Not applicable,USD_EXC,"US dollars, exchange rate converted",V,Current prices,N,Non transformed data,T0103,Table 0103 - GDP identity from the income side,2014,,3085362.169,,,,F,Free (free for publication),1,One,A,Normal value,6,Millions,_Z,Not applicable
DATAFLOW,OECD.SDD.NAD:DSD_NAMAIN10@DF_TABLE1_INCOME(2.0),Annual GDP and components - income approach,I,A,Annual,GBR,United Kingdom,S1,Total economy,S1,Total economy,B1GQ,Gross domestic product,_Z,Not applicable,_Z,Not applicable,_Z,Not applicable,USD_EXC,"US dollars, exchange rate converted",V,Current prices,N,Non transformed data,T0103,Table 0103 - GDP identity from the income side,2015,,2945579.89,,,,F,Free (free for publication),1,One,A,Normal value,6,Millions,_Z,Not applicable
DATAFLOW,OECD.SDD.NAD:DSD_NAMAIN10@DF_TABLE1_INCOME(2.0),Annual GDP and components - income approach,I,A,Annual,GBR,United Kingdom,S1,Total economy,S1,Total economy,B1GQ,Gross domestic product,_Z,Not applicable,_Z,Not applicable,_Z,Not applicable,USD_EXC,"US dollars, exchange rate converted",V,Current prices,N,Non transformed data,T0103,Table 0103 - GDP identity from the income side,2016,,2706807.607,,,,F,Free (free for publication),1,One,A,Normal value,6,Millions,_Z,Not applicable
DATAFLOW,OECD.SDD.NAD:DSD_NAMAIN10@DF_TABLE1_INCOME(2.0),Annual GDP and components - income approach,I,A,Annual,GBR,United Kingdom,S1,Total economy,S1,Total economy,B1GQ,Gross domestic product,_Z,Not applicable,_Z,Not applicable,_Z,Not applicable,USD_EXC,"US dollars, exchange rate converted",V,Current prices,N,Non transformed data,T0103,Table 0103 - GDP identity from the income side,2017,,2699208.416,,,,F,Free (free for publication),1,One,A,Normal value,6,Millions,_Z,Not applicable
DATAFLOW,OECD.SDD.NAD:DSD_NAMAIN10@DF_TABLE1_INCOME(2.0),Annual GDP and components - income approach,I,A,Annual,GBR,United Kingdom,S1,Total economy,S1,Total economy,B1GQ,Gross domestic product,_Z,Not applicable,_Z,Not applicable,_Z,Not applicable,USD_EXC,"US dollars, exchange rate converted",V,Current prices,N,Non transformed data,T0103,Table 0103 - GDP identity from the income side,2018,,2897221.642,,,,F,Free (free for publication),1,One,A,Normal value,6,Millions,_Z,Not applicable
DATAFLOW,OECD.SDD.NAD:DSD_NAMAIN10@DF_TABLE1_INCOME(2.0),Annual GDP and components - income approach,I,A,Annual,GBR,United Kingdom,S1,Total economy,S1,Total economy,B1GQ,Gross domestic product,_Z,Not applicable,_Z,Not applicable,_Z,Not applicable,USD_EXC,"US dollars, exchange rate converted",V,Current prices,N,Non transformed data,T0103,Table 0103 - GDP identity from the income side,2019,,2875710.08,,,,F,Free (free for publication),1,One,A,Normal value,6,Millions,_Z,Not applicable
DATAFLOW,OECD.SDD.NAD:DSD_NAMAIN10@DF_TABLE1_INCOME(2.0),Annual GDP and components - income approach,I,A,Annual,GBR,United Kingdom,S1,Total economy,S1,Total economy,B1GQ,Gross domestic product,_Z,Not applicable,_Z,Not applicable,_Z,Not applicable,USD_EXC,"US dollars, exchange rate converted",V,Current prices,N,Non transformed data,T0103,Table 0103 - GDP identity from the income side,2020,,2724001.478,,,,F,Free (free for publication),1,One,A,Normal value,6,Millions,_Z,Not applicable
DATAFLOW,OECD.SDD.NAD:DSD_NAMAIN10@DF_TABLE1_INCOME(2.0),Annual GDP and components - income approach,I,A,Annual,GBR,United Kingdom,S1,Total economy,S1,Total economy,B1GQ,Gross domestic product,_Z,Not applicable,_Z,Not applicable,_Z,Not applicable,USD_EXC,"US dollars, exchange rate converted",V,Current prices,N,Non transformed data,T0103,Table 0103 - GDP identity from the income side,2021,,3194559.189,,,,F,Free (free for publication),1,One,A,Normal value,6,Millions,_Z,Not applicable
DATAFLOW,OECD.SDD.NAD:DSD_NAMAIN10@DF_TABLE1_INCOME(2.0),Annual GDP and components - income approach,I,A,Annual,GBR,United Kingdom,S1,Total economy,S1,Total economy,B1GQ,Gross domestic product,_Z,Not applicable,_Z,Not applicable,_Z,Not applicable,USD_EXC,"US dollars, exchange rate converted",V,Current prices,N,Non transformed data,T0103,Table 0103 - GDP identity from the income side,2022,,3181244.35,,,,F,Free (free for publication),1,One,A,Normal value,6,Millions,_Z,Not applicable
DATAFLOW,OECD.SDD.NAD:DSD_NAMAIN10@DF_TABLE1_INCOME(2.0),Annual GDP and components - income approach,I,A,Annual,DEU,Germany,S1,Total economy,S1,Total economy,B1GQ,Gross domestic product,_Z,Not applicable,_Z,Not applicable,_Z,Not applicable,USD_EXC,"US dollars, exchange rate converted",V,Current prices,N,Non transformed data,T0103,Table 0103 - GDP identity from the income side,2008,,3808197.72,,,,F,Free (free for publication),1,One,A,Normal value,6,Millions,_Z,Not applicable
DATAFLOW,OECD.SDD.NAD:DSD_NAMAIN10@DF_TABLE1_INCOME(2.0),Annual GDP and components - income approach,I,A,Annual,DEU,Germany,S1,Total economy,S1,Total economy,B1GQ,Gross domestic product,_Z,Not applicable,_Z,Not applicable,_Z,Not applicable,USD_EXC,"US dollars, exchange rate converted",V,Current prices,N,Non transformed data,T0103,Table 0103 - GDP identity from the income side,2009,,3478545.517,,,,F,Free (free for publication),1,One,A,Normal value,6,Millions,_Z,Not applicable
DATAFLOW,OECD.SDD.NAD:DSD_NAMAIN10@DF_TABLE1_INCOME(2.0),Annual GDP and components - income approach,I,A,Annual,DEU,Germany,S1,Total economy,S1,Total economy,B1GQ,Gross domestic product,_Z,Not applicable,_Z,Not applicable,_Z,Not applicable,USD_EXC,"US dollars, exchange rate converted",V,Current prices,N,Non transformed data,T0103,Table 0103 - GDP identity from the income side,2010,,3467093.77,,,,F,Free (free for publication),1,One,A,Normal value,6,Millions,_Z,Not applicable
DATAFLOW,OECD.SDD.NAD:DSD_NAMAIN10@DF_TABLE1_INCOME(2.0),Annual GDP and components - income approach,I,A,Annual,DEU,Germany,S1,Total economy,S1,Total economy,B1GQ,Gross domestic product,_Z,Not applicable,_Z,Not applicable,_Z,Not applicable,USD_EXC,"US dollars, exchange rate converted",V,Current prices,N,Non transformed data,T0103,Table 0103 - GDP identity from the income side,2011,,3823575.804,,,,F,Free (free for publication),1,One,A,Normal value,6,Millions,_Z,Not applicable
DATAFLOW,OECD.SDD.NAD:DSD_NAMAIN10@DF_TABLE1_INCOME(2.0),Annual GDP and components - income approach,I,A,Annual,DEU,Germany,S1,Total economy,S1,Total economy,B1GQ,Gross domestic product,_Z,Not applicable,_Z,Not applicable,_Z,Not applicable,USD_EXC,"US dollars, exchange rate converted",V,Current prices,N,Non transformed data,T0103,Table 0103 - GDP identity from the income side,2012,,3596483.233,,,,F,Free (free for publication),1,One,A,Normal value,6,Millions,_Z,Not applicable
DATAFLOW,OECD.SDD.NAD:DSD_NAMAIN10@DF_TABLE1_INCOME(2.0),Annual GDP and components - income approach,I,A,Annual,DEU,Germany,S1,Total economy,S1,Total economy,B1GQ,Gross domestic product,_Z,Not applicable,_Z,Not applicable,_Z,Not applicable,USD_EXC,"US dollars, exchange rate converted",V,Current prices,N,Non transformed data,T0103,Table 0103 - GDP identity from the income side,2013,,3807023.797,,,,F,Free (free for publication),1,One,A,Normal value,6,Millions,_Z,Not applicable
DATAFLOW,OECD.SDD.NAD:DSD_NAMAIN10@DF_TABLE1_INCOME(2.0),Annual GDP and components - income approach,I,A,Annual,DEU,Germany,S1,Total economy,S1,Total economy,B1GQ,Gross domestic product,_Z,Not applicable,_Z,Not applicable,_Z,Not applicable,USD_EXC,"US dollars, exchange rate converted",V,Current prices,N,Non transformed data,T0103,Table 0103 - GDP identity from the income side,2014,,3964870.736,,,,F,Free (free for publication),1,One,A,Normal value,6,Millions,_Z,Not applicable
DATAFLOW,OECD.SDD.NAD:DSD_NAMAIN10@DF_TABLE1_INCOME(2.0),Annual GDP and components - income approach,I,A,Annual,DEU,Germany,S1,Total economy,S1,Total economy,B1GQ,Gross domestic product,_Z,Not applicable,_Z,Not applicable,_Z,Not applicable,USD_EXC,"US dollars, exchange rate converted",V,Current prices,N,Non transformed data,T0103,Table 0103 - GDP identity from the income side,2015,,3425099.579,,,,F,Free (free for publication),1,One,A,Normal value,6,Millions,_Z,Not applicable
DATAFLOW,OECD.SDD.NAD:DSD_NAMAIN10@DF_TABLE1_INCOME(2.0),Annual GDP and components - income approach,I,A,Annual,DEU,Germany,S1,Total economy,S1,Total economy,B1GQ,Gross domestic product,_Z,Not applicable,_Z,Not applicable,_Z,Not applicable,USD_EXC,"US dollars, exchange rate converted",V,Current prices,N,Non transformed data,T0103,Table 0103 - GDP identity from the income side,2016,,3536787.895,,,,F,Free (free for publication),1,One,A,Normal value,6,Millions,_Z,Not applicable
DATAFLOW,OECD.SDD.NAD:DSD_NAMAIN10@DF_TABLE1_INCOME(2.0),Annual GDP and components - income approach,I,A,Annual,DEU,Germany,S1,Total economy,S1,Total economy,B1GQ,Gross domestic product,_Z,Not applicable,_Z,Not applicable,_Z,Not applicable,USD_EXC,"US dollars, exchange rate converted",V,Current prices,N,Non transformed data,T0103,Table 0103 - GDP identity from the income side,2017,,3765351.626,,,,F,Free (free for publication),1,One,A,Normal value,6,Millions,_Z,Not applicable
DATAFLOW,OECD.SDD.NAD:DSD_NAMAIN10@DF_TABLE1_INCOME(2.0),Annual GDP and components - income approach,I,A,Annual,DEU,Germany,S1,Total economy,S1,Total economy,B1GQ,Gross domestic product,_Z,Not applicable,_Z,Not applicable,_Z,Not applicable,USD_EXC,"US dollars, exchange rate converted",V,Current prices,N,Non transformed data,T0103,Table 0103 - GDP identity from the income side,2018,,4055433.215,,,,F,Free (free for publication),1,One,A,Normal value,6,Millions,_Z,Not applicable
DATAFLOW,OECD.SDD.NAD:DSD_NAMAIN10@DF_TABLE1_INCOME(2.0),Annual GDP and components - income approach,I,A,Annual,DEU,Germany,S1,Total economy,S1,Total economy,B1GQ,Gross domestic product,_Z,Not applicable,_Z,Not applicable,_Z,Not applicable,USD_EXC,"US dollars, exchange rate converted",V,Current prices,N,Non transformed data,T0103,Table 0103 - GDP identity from the income side,2019,,3959894.794,,,,F,Free (free for publication),1,One,A,Normal value,6,Millions,_Z,Not applicable
DATAFLOW,OECD.SDD.NAD:DSD_NAMAIN10@DF_TABLE1_INCOME(2.0),Annual GDP and components - income approach,I,A,Annual,DEU,Germany,S1,Total economy,S1,Total economy,B1GQ,Gross domestic product,_Z,Not applicable,_Z,Not applicable,_Z,Not applicable,USD_EXC,"US dollars, exchange rate converted",V,Current prices,N,Non transformed data,T0103,Table 0103 - GDP identity from the income side,2020,,3941398.957,,,,F,Free (free for publication),1,One,A,Normal value,6,Millions,_Z,Not applicable
DATAFLOW,OECD.SDD.NAD:DSD_NAMAIN10@DF_TABLE1_INCOME(2.0),Annual GDP and components - income approach,I,A,Annual,JPN,Japan,S1,Total economy,S1,Total economy,B1GQ,Gross domestic product,_Z,Not applicable,_Z,Not applicable,_Z,Not applicable,USD_EXC,"US dollars, exchange rate converted",V,Current prices,N,Non transformed data,T0103,Table 0103 - GDP identity from the income side,2020,,5054068.005,,,,F,Free (free for publication),1,One,A,Normal value,6,Millions,_Z,Not applicable
DATAFLOW,OECD.SDD.NAD:DSD_NAMAIN10@DF_TABLE1_INCOME(2.0),Annual GDP and components - income approach,I,A,Annual,CHN,China (Peoples Republic of),S1,Total economy,S1,Total economy,B1GQ,Gross domestic product,_Z,Not applicable,_Z,Not applicable,_Z,Not applicable,USD_EXC,"US dollars, exchange rate converted",V,Current prices,N,Non transformed data,T0103,Table 0103 - GDP identity from the income side,2000,,1223754.895,,,,F,Free (free for publication),1,One,A,Normal value,6,Millions,_Z,Not applicable
DATAFLOW,OECD.SDD.NAD:DSD_NAMAIN10@DF_TABLE1_INCOME(2.0),Annual GDP and components - income approach,I,A,Annual,CHN,China (Peoples Republic of),S1,Total economy,S1,Total economy,B1GQ,Gross domestic product,_Z,Not applicable,_Z,Not applicable,_Z,Not applicable,USD_EXC,"US dollars, exchange rate converted",V,Current prices,N,Non transformed data,T0103,Table 0103 - GDP identity from the income side,2001,,1355036.536,,,,F,Free (free for publication),1,One,A,Normal value,6,Millions,_Z,Not applicable
DATAFLOW,OECD.SDD.NAD:DSD_NAMAIN10@DF_TABLE1_INCOME(2.0),Annual GDP and components - income approach,I,A,Annual,CHN,China (Peoples Republic of),S1,Total economy,S1,Total economy,B1GQ,Gross domestic product,_Z,Not applicable,_Z,Not applicable,_Z,Not applicable,USD_EXC,"US dollars, exchange rate converted",V,Current prices,N,Non transformed data,T0103,Table 0103 - GDP identity from the income side,2002,,1489821.592,,,,F,Free (free for publication),1,One,A,Normal value,6,Millions,_Z,Not applicable
DATAFLOW,OECD.SDD.NAD:DSD_NAMAIN10@DF_TABLE1_INCOME(2.0),Annual GDP and components - income approach,I,A,Annual,CHN,China (Peoples Republic of),S1,Total economy,S1,Total economy,B1GQ,Gross domestic product,_Z,Not applicable,_Z,Not applicable,_Z,Not applicable,USD_EXC,"US dollars, exchange rate converted",V,Current prices,N,Non transformed data,T0103,Table 0103 - GDP identity from the income side,2003,,1683903.378,,,,F,Free (free for publication),1,One,A,Normal value,6,Millions,_Z,Not applicable
DATAFLOW,OECD.SDD.NAD:DSD_NAMAIN10@DF_TABLE1_INCOME(2.0),Annual GDP and components - income approach,I,A,Annual,CHN,China (Peoples Republic of),S1,Total economy,S1,Total economy,B1GQ,Gross domestic product,_Z,Not applicable,_Z,Not applicable,_Z,Not applicable,USD_EXC,"US dollars, exchange rate converted",V,Current prices,N,Non transformed data,T0103,Table 0103 - GDP identity from the income side,2004,,1984196.591,,,,F,Free (free for publication),1,One,A,Normal value,6,Millions,_Z,Not applicable
DATAFLOW,OECD.SDD.NAD:DSD_NAMAIN10@DF_TABLE1_INCOME(2.0),Annual GDP and components - income approach,I,A,Annual,CHN,China (Peoples Republic of),S1,Total economy,S1,Total economy,B1GQ,Gross domestic product,_Z,Not applicable,_Z,Not applicable,_Z,Not applicable,USD_EXC,"US dollars, exchange rate converted",V,Current prices,N,Non transformed data,T0103,Table 0103 - GDP identity from the income side,2005,,2317551.392,,,,F,Free (free for publication),1,One,A,Normal value,6,Millions,_Z,Not applicable
DATAFLOW,OECD.SDD.NAD:DSD_NAMAIN10@DF_TABLE1_INCOME(2.0),Annual GDP and components - income approach,I,A,Annual,CHN,China (Peoples Republic of),S1,Total economy,S1,Total economy,B1GQ,Gross domestic product,_Z,Not applicable,_Z,Not applicable,_Z,Not applicable,USD_EXC,"US dollars, exchange rate converted",V,Current prices,N,Non transformed data,T0103,Table 0103 - GDP identity from the income side,2006,,2791498.356,,,,F,Free (free for publication),1,One,A,Normal value,6,Millions,_Z,Not applicable
DATAFLOW,OECD.SDD.NAD:DSD_NAMAIN10@DF_TABLE1_INCOME(2.0),Annual GDP and components - income approach,I,A,Annual,CHN,China (Peoples Republic of),S1,Total economy,S1,Total economy,B1GQ,Gross domestic product,_Z,Not applicable,_Z,Not applicable,_Z,Not applicable,USD_EXC,"US dollars, exchange rate converted",V,Current prices,N,Non transformed data,T0103,Table 0103 - GDP identity from the income side,2007,,3604055.586,,,,F,Free (free for publication),1,One,A,Normal value,6,Millions,_Z,Not applicable
DATAFLOW,OECD.SDD.NAD:DSD_NAMAIN10@DF_TABLE1_INCOME(2.0),Annual GDP and components - income approach,I,A,Annual,CHN,China (Peoples Republic of),S1,Total economy,S1,Total economy,B1GQ,Gross domestic product,_Z,Not applicable,_Z,Not applicable,_Z,Not applicable,USD_EXC,"US dollars, exchange rate converted",V,Current prices,N,Non transformed data,T0103,Table 0103 - GDP identity from the income side,2008,,4667346.415,,,,F,Free (free for publication),1,One,A,Normal value,6,Millions,_Z,Not applicable
DATAFLOW,OECD.SDD.NAD:DSD_NAMAIN10@DF_TABLE1_INCOME(2.0),Annual GDP and components - income approach,I,A,Annual,CHN,China (Peoples Republic of),S1,Total economy,S1,Total economy,B1GQ,Gross domestic product,_Z,Not applicable,_Z,Not applicable,_Z,Not applicable,USD_EXC,"US dollars, exchange rate converted",V,Current prices,N,Non transformed data,T0103,Table 0103 - GDP identity from the income side,2009,,5189577.056,,,,F,Free (free for publication),1,One,A,Normal value,6,Millions,_Z,Not applicable
DATAFLOW,OECD.SDD.NAD:DSD_NAMAIN10@DF_TABLE1_INCOME(2.0),Annual GDP and components - income approach,I,A,Annual,CHN,China (Peoples Republic of),S1,Total economy,S1,Total economy,B1GQ,Gross domestic product,_Z,Not applicable,_Z,Not applicable,_Z,Not applicable,USD_EXC,"US dollars, exchange rate converted",V,Current prices,N,Non transformed data,T0103,Table 0103 - GDP identity from the income side,2010,,6192564.848,,,,F,Free (free for publication),1,One,A,Normal value,6,Millions,_Z,Not applicable
DATAFLOW,OECD.SDD.NAD:DSD_NAMAIN10@DF_TABLE1_INCOME(2.0),Annual GDP and components - income approach,I,A,Annual,CHN,China (Peoples Republic of),S1,Total economy,S1,Total economy,B1GQ,Gross domestic product,_Z,Not applicable,_Z,Not applicable,_Z,Not applicable,USD_EXC,"US dollars, exchange rate converted",V,Current prices,N,Non transformed data,T0103,Table 0103 - GDP identity from the income side,2011,,7671756.82,,,,F,Free (free for publication),1,One,A,Normal value,6,Millions,_Z,Not applicable
DATAFLOW,OECD.SDD.NAD:DSD_NAMAIN10@DF_TABLE1_INCOME(2.0),Annual GDP and components - income approach,I,A,Annual,CHN,China (Peoples Republic of),S1,Total economy,S1,Total economy,B1GQ,Gross domestic product,_Z,Not applicable,_Z,Not applicable,_Z,Not applicable,USD_EXC,"US dollars, exchange rate converted",V,Current prices,N,Non transformed data,T0103,Table 0103 - GDP identity from the income side,2012,,8673664.951,,,,F,Free (free for publication),1,One,A,Normal value,6,Millions,_Z,Not applicable
DATAFLOW,OECD.SDD.NAD:DSD_NAMAIN10@DF_TABLE1_INCOME(2.0),Annual GDP and components - income approach,I,A,Annual,CHN,China (Peoples Republic of),S1,Total economy,S1,Total economy,B1GQ,Gross domestic product,_Z,Not applicable,_Z,Not applicable,_Z,Not applicable,USD_EXC,"US dollars, exchange rate converted",V,Current prices,N,Non transformed data,T0103,Table 0103 - GDP identity from the income side,2013,,9743123.703,,,,F,Free (free for publication),1,One,A,Normal value,6,Millions,_Z,Not applicable
DATAFLOW,OECD.SDD.NAD:DSD_NAMAIN10@DF_TABLE1_INCOME(2.0),Annual GDP and components - income approach,I,A,Annual,CHN,China (Peoples Republic of),S1,Total economy,S1,Total economy,B1GQ,Gross domestic product,_Z,Not applicable,_Z,Not applicable,_Z,Not applicable,USD_EXC,"US dollars, exchange rate converted",V,Current prices,N,Non transformed data,T0103,Table 0103 - GDP identity from the income side,2014,,10674533.004,,,,F,Free (free for publication),1,One,A,Normal value,6,Millions,_Z,Not applicable
DATAFLOW,OECD.SDD.NAD:DSD_NAMAIN10@DF_TABLE1_INCOME(2.0),Annual GDP and components - income approach,I,A,Annual,CHN,China (Peoples Republic of),S1,Total economy,S1,Total economy,B1GQ,Gross domestic product,_Z,Not applicable,_Z,Not applicable,_Z,Not applicable,USD_EXC,"US dollars, exchange rate converted",V,Current prices,N,Non transformed data,T0103,Table 0103 - GDP identity from the income side,2015,,11280815.38,,,,F,Free (free for publication),1,One,A,Normal value,6,Millions,_Z,Not applicable
DATAFLOW,OECD.SDD.NAD:DSD_NAMAIN10@DF_TABLE1_INCOME(2.0),Annual GDP and components - income approach,I,A,Annual,CHN,China (Peoples Republic of),S1,Total economy,S1,Total economy,B1GQ,Gross domestic product,_Z,Not applicable,_Z,Not applicable,_Z,Not applicable,USD_EXC,"US dollars, exchange rate converted",V,Current prices,N,Non transformed data,T0103,Table 0103 - GDP identity from the income side,2016,,11456024.379,,,,F,Free (free for publication),1,One,A,Normal value,6,Millions,_Z,Not applicable
DATAFLOW,OECD.SDD.NAD:DSD_NAMAIN10@DF_TABLE1_INCOME(2.0),Annual GDP and components - income approach,I,A,Annual,CHN,China (Peoples Republic of),S1,Total economy,S1,Total economy,B1GQ,Gross domestic product,_Z,Not applicable,_Z,Not applicable,_Z,Not applicable,USD_EXC,"US dollars, exchange rate converted",V,Current prices,N,Non transformed data,T0103,Table 0103 - GDP identity from the income side,2017,,12537558.902,,,,F,Free (free for publication),1,One,A,Normal value,6,Millions,_Z,Not applicable
DATAFLOW,OECD.SDD.NAD:DSD_NAMAIN10@DF_TABLE1_INCOME(2.0),Annual GDP and components - income approach,I,A,Annual,CHN,China (Peoples Republic of),S1,Total economy,S1,Total economy,B1GQ,Gross domestic product,_Z,Not applicable,_Z,Not applicable,_Z,Not applicable,USD_EXC,"US dollars, exchange rate converted",V,Current prices,N,Non transformed data,T0103,Table 0103 - GDP identity from the income side,2018,,14147765.394,,,,F,Free (free for publication),1,One,A,Normal value,6,Millions,_Z,Not applicable
DATAFLOW,OECD.SDD.NAD:DSD_NAMAIN10@DF_TABLE1_INCOME(2.0),Annual GDP and components - income approach,I,A,Annual,CHN,China (Peoples Republic of),S1,Total economy,S1,Total economy,B1GQ,Gross domestic product,_Z,Not applicable,_Z,Not applicable,_Z,Not applicable,USD_EXC,"US dollars, exchange rate converted",V,Current prices,N,Non transformed data,T0103,Table 0103 - GDP identity from the income side,2019,,14560167.08,,,,F,Free (free for publication),1,One,A,Normal value,6,Millions,_Z,Not applicable
DATAFLOW,OECD.SDD.NAD:DSD_NAMAIN10@DF_TABLE1_INCOME(2.0),Annual GDP and components - income approach,I,A,Annual,CHN,China (Peoples Republic of),S1,Total economy,S1,Total economy,B1GQ,Gross domestic product,_Z,Not applicable,_Z,Not applicable,_Z,Not applicable,USD_EXC,"US dollars, exchange rate converted",V,Current prices,N,Non transformed data,T0103,Table 0103 - GDP identity from the income side,2020,,14996413.581,,,,F,Free (free for publication),1,One,A,Normal value,6,Millions,_Z,Not applicable
DATAFLOW,OECD.SDD.NAD:DSD_NAMAIN10@DF_TABLE1_INCOME(2.0),Annual GDP and components - income approach,I,A,Annual,DEU,Germany,S1,Total economy,S1,Total economy,B1GQ,Gross domestic product,_Z,Not applicable,_Z,Not applicable,_Z,Not applicable,USD_EXC,"US dollars, exchange rate converted",V,Current prices,N,Non transformed data,T0103,Table 0103 - GDP identity from the income side,2021,,4355251.953,,,,F,Free (free for publication),1,One,A,Normal value,6,Millions,_Z,Not applicable
DATAFLOW,OECD.SDD.NAD:DSD_NAMAIN10@DF_TABLE1_INCOME(2.0),Annual GDP and components - income approach,I,A,Annual,JPN,Japan,S1,Total economy,S1,Total economy,B1GQ,Gross domestic product,_Z,Not applicable,_Z,Not applicable,_Z,Not applicable,USD_EXC,"US dollars, exchange rate converted",V,Current prices,N,Non transformed data,T0103,Table 0103 - GDP identity from the income side,2021,,5039148.169,,,,F,Free (free for publication),1,One,A,Normal value,6,Millions,_Z,Not applicable
DATAFLOW,OECD.SDD.NAD:DSD_NAMAIN10@DF_TABLE1_INCOME(2.0),Annual GDP and components - income approach,I,A,Annual,CHN,China (Peoples Republic of),S1,Total economy,S1,Total economy,B1GQ,Gross domestic product,_Z,Not applicable,_Z,Not applicable,_Z,Not applicable,USD_EXC,"US dollars, exchange rate converted",V,Current prices,N,Non transformed data,T0103,Table 0103 - GDP identity from the income side,2021,,18201698.211,,,,F,Free (free for publication),1,One,A,Normal value,6,Millions,_Z,Not applicable
DATAFLOW,OECD.SDD.NAD:DSD_NAMAIN10@DF_TABLE1_INCOME(2.0),Annual GDP and components - income approach,I,A,Annual,JPN,Japan,S1,Total economy,S1,Total economy,B1GQ,Gross domestic product,_Z,Not applicable,_Z,Not applicable,_Z,Not applicable,USD_EXC,"US dollars, exchange rate converted",V,Current prices,N,Non transformed data,T0103,Table 0103 - GDP identity from the income side,2022,,4262463.318,,,,F,Free (free for publication),1,One,A,Normal value,6,Millions,_Z,Not applicable
DATAFLOW,OECD.SDD.NAD:DSD_NAMAIN10@DF_TABLE1_INCOME(2.0),Annual GDP and components - income approach,I,A,Annual,CHE,Switzerland,S1,Total economy,S1,Total economy,B1GQ,Gross domestic product,_Z,Not applicable,_Z,Not applicable,_Z,Not applicable,USD_EXC,"US dollars, exchange rate converted",V,Current prices,N,Non transformed data,T0103,Table 0103 - GDP identity from the income side,2022,,828508.927,,,,F,Free (free for publication),1,One,A,Normal value,6,Millions,_Z,Not applicable
DATAFLOW,OECD.SDD.NAD:DSD_NAMAIN10@DF_TABLE1_INCOME(2.0),Annual GDP and components - income approach,I,A,Annual,CHN,China (Peoples Republic of),S1,Total economy,S1,Total economy,B1GQ,Gross domestic product,_Z,Not applicable,_Z,Not applicable,_Z,Not applicable,USD_EXC,"US dollars, exchange rate converted",V,Current prices,N,Non transformed data,T0103,Table 0103 - GDP identity from the income side,2022,,18316764.716,,,,F,Free (free for publication),1,One,A,Normal value,6,Millions,_Z,Not applicable
DATAFLOW,OECD.SDD.NAD:DSD_NAMAIN10@DF_TABLE1_INCOME(2.0),Annual GDP and components - income approach,I,A,Annual,DEU,Germany,S1,Total economy,S1,Total economy,B1GQ,Gross domestic product,_Z,Not applicable,_Z,Not applicable,_Z,Not applicable,USD_EXC,"US dollars, exchange rate converted",V,Current prices,N,Non transformed data,T0103,Table 0103 - GDP identity from the income side,2022,,4201021.706,,,,F,Free (free for publication),1,One,P,Provisional value,6,Millions,_Z,Not applicable
